Name	Lineage	PrMS6	PrMS9c3	ILVOPrMS132/PrMS39a	PRMS45	PrMS43a	PrMS43b	ILVOPrMS133/PrMS43a	KI18	KI64	KI82ab	KI82a	KI82b	ILVOPrMS79ab	ILVOPrMS131	ILVOPrMS145abc	PrMS145a	PrMS145b	PrMS145c
PR-12-044	NA1	169/172/0/0/0	221/231/0/0/0	136/252/0/0/0	172/192/0/0/0	373/373/0/0/0	489/489/0/0/0	373/489/0/0/0	224/278/0/0/0	347/383/0/0/0	112/114/116/216/0	112/116/0/0/0	114/216/0/0/0	348/350/392/0/0	150/234/0/0/0	167/179/197/239/0	167/239/0/0/0	179/179/0/0/0	197/197/0/0/0
PR-11-015	NA1	169/172/0/0/0	221/231/0/0/0	136/256/0/0/0	172/192/0/0/0	373/373/0/0/0	481/481/0/0/0	373/481/0/0/0	224/278/0/0/0	347/383/0/0/0	112/114/116/216/0	112/116/0/0/0	114/216/0/0/0	348/350/394/0/0	154/222/0/0/0	167/179/197/233/0	167/233/0/0/0	179/179/0/0/0	197/197/0/0/0
PR-11-008	NA1	169/172/0/0/0	221/231/0/0/0	136/256/0/0/0	172/192/0/0/0	369/369/0/0/0	485/485/0/0/0	369/485/0/0/0	224/278/0/0/0	347/383/0/0/0	112/114/116/216/0	112/116/0/0/0	114/216/0/0/0	348/350/392/0/0	150/226/0/0/0	167/179/197/239/0	167/239/0/0/0	179/179/0/0/0	197/197/0/0/0
PR-12-049	NA1	169/172/0/0/0	221/231/0/0/0	136/256/0/0/0	172/192/0/0/0	365/365/0/0/0	485/485/0/0/0	365/485/0/0/0	224/278/0/0/0	347/383/0/0/0	112/114/116/216/0	112/116/0/0/0	114/216/0/0/0	348/350/392/0/0	150/226/282/0/0	167/179/197/239/0	167/239/0/0/0	179/179/0/0/0	197/197/0/0/0
PR-11-012	NA1	169/172/0/0/0	221/231/0/0/0	136/252/0/0/0	172/192/0/0/0	377/377/0/0/0	485/485/0/0/0	377/485/0/0/0	224/278/0/0/0	347/383/0/0/0	112/114/116/216/0	112/116/0/0/0	114/216/0/0/0	348/350/394/0/0	150/222/0/0/0	167/179/197/239/0	167/239/0/0/0	179/179/0/0/0	197/197/0/0/0
PR-07-045	NA1	169/172/0/0/0	221/231/0/0/0	136/256/0/0/0	172/192/0/0/0	365/365/0/0/0	485/485/0/0/0	365/485/0/0/0	224/280/0/0/0	347/383/0/0/0	112/114/116/216/0	112/116/0/0/0	114/216/0/0/0	348/350/392/0/0	150/222/0/0/0	167/179/197/239/0	167/239/0/0/0	179/179/0/0/0	197/197/0/0/0
PR-12-103	NA2	169/172/0/0/0	221/221/0/0/0	152/158/0/0/0	0/0/0/0/0	173/173/0/0/0	0/0/0/0/0	173/173/0/0/0	226/226/0/0/0	349/365/0/0/0	102/108/110/112/114	102/110/0/0/0	108/114/0/0/0	354/356/362/0/0	278/342/0/0/0	167/179/185/0/0	167/167/0/0/0	179/179/0/0/0	185/185/0/0/0
PR-08-028	EU1	169/169/0/0/0	223/229/0/0/0	142/148/0/0/0	168/192/0/0/0	137/137/0/0/0	0/0/0/0/0	137/137/0/0/0	222/266/0/0/0	355/401/0/0/0	114/132/142/242/0	114/142/0/0/0	132/242/0/0/0	342/354/356/0/0	370/394/0/0/0	167/179/185/197/245	167/197/0/0/0	179/179/0/0/0	185/245/0/0/0
PR-05-015	EU1	169/169/0/0/0	223/229/0/0/0	142/148/0/0/0	168/192/0/0/0	139/139/0/0/0	0/0/0/0/0	139/139/0/0/0	222/266/0/0/0	355/401/0/0/0	114/132/142/242/0	114/142/0/0/0	132/242/0/0/0	342/354/356/0/0	370/390/0/0/0	167/179/185/197/245	167/197/0/0/0	179/179/0/0/0	185/245/0/0/0
PR-07-081	NA1	169/172/0/0/0	221/231/0/0/0	136/260/0/0/0	172/192/0/0/0	369/369/0/0/0	485/485/0/0/0	369/485/0/0/0	224/278/0/0/0	347/383/0/0/0	112/114/116/216/0	112/116/0/0/0	114/216/0/0/0	348/350/392/0/0	150/226/0/0/0	167/179/197/239/0	167/239/0/0/0	179/179/0/0/0	197/197/0/0/0
PR-10-003	NA1	169/172/0/0/0	221/231/0/0/0	136/252/0/0/0	172/192/0/0/0	373/373/0/0/0	485/485/0/0/0	373/485/0/0/0	224/282/0/0/0	347/383/0/0/0	112/114/116/216/0	112/116/0/0/0	114/216/0/0/0	348/350/392/0/0	150/226/0/0/0	167/179/197/239/0	167/239/0/0/0	179/179/0/0/0	197/197/0/0/0
PR-05-166	NA2	169/172/0/0/0	221/221/0/0/0	152/158/0/0/0	0/0/0/0/0	177/177/0/0/0	0/0/0/0/0	177/177/0/0/0	226/226/0/0/0	349/365/0/0/0	102/108/110/112/114	102/110/0/0/0	108/114/0/0/0	354/356/362/0/0	274/342/0/0/0	167/179/185/0/0	167/167/0/0/0	179/179/0/0/0	185/185/0/0/0
PR-12-021	EU1	169/169/0/0/0	223/229/0/0/0	142/148/0/0/0	168/192/0/0/0	149/149/0/0/0	0/0/0/0/0	149/149/0/0/0	222/266/0/0/0	355/405/0/0/0	114/132/142/248/0	114/142/0/0/0	132/248/0/0/0	342/354/356/0/0	394/406/0/0/0	167/179/185/197/251	167/197/0/0/0	179/179/0/0/0	185/251/0/0/0
PR-12-035	EU2	169/169/0/0/0	221/223/0/0/0	148/164/0/0/0	170/176/0/0/0	0/0/0/0/0	0/0/0/0/0	0/0/0/0/0	222/228/0/0/0	351/351/0/0/0	104/108/110/114/0	104/110/0/0/0	108/114/0/0/0	350/353/355/0/0	0/0/0/0/0	173/179/185/197/203	173/197/0/0/0	179/179/0/0/0	185/203/0/0/0
PR-05-156	NA2	169/172/0/0/0	221/221/0/0/0	152/158/0/0/0	0/0/0/0/0	173/173/0/0/0	0/0/0/0/0	173/173/0/0/0	226/226/0/0/0	349/365/0/0/0	102/108/110/112/114	102/110/0/0/0	108/114/0/0/0	354/356/362/0/0	278/342/0/0/0	167/179/185/0/0	167/167/0/0/0	179/179/0/0/0	185/185/0/0/0
PR-12-047	NA1	169/172/0/0/0	221/231/0/0/0	136/252/0/0/0	172/192/0/0/0	369/369/0/0/0	493/493/0/0/0	369/493/0/0/0	224/278/0/0/0	347/383/0/0/0	112/114/116/216/0	112/116/0/0/0	114/216/0/0/0	348/350/392/0/0	150/230/0/0/0	167/179/197/239/0	167/239/0/0/0	179/179/0/0/0	197/197/0/0/0
PR-09-011	EU1	169/169/0/0/0	223/229/0/0/0	142/148/0/0/0	168/192/0/0/0	149/149/0/0/0	0/0/0/0/0	149/149/0/0/0	222/266/0/0/0	355/401/0/0/0	114/132/142/246/0	114/142/0/0/0	132/246/0/0/0	342/354/356/0/0	370/406/0/0/0	167/179/185/197/245	167/197/0/0/0	179/179/0/0/0	185/245/0/0/0
PR-11-026	NA1	169/172/0/0/0	221/231/0/0/0	136/252/0/0/0	172/192/0/0/0	373/373/0/0/0	489/489/0/0/0	373/489/0/0/0	224/278/0/0/0	347/385/0/0/0	112/114/116/212/0	112/116/0/0/0	114/212/0/0/0	348/350/396/0/0	150/230/0/0/0	167/179/197/239/0	167/239/0/0/0	179/179/0/0/0	197/197/0/0/0

